Year,BUYER_COUNTY,DOSAGE_UNIT
2006,ACCOMACK,487300.0
2006,ALBEMARLE,2033730.0
2006,ALEXANDRIA CITY,1321972.0
2006,ALLEGHANY,300820.0
2006,AMELIA,168300.0
2006,AMHERST,559100.0
2006,APPOMATTOX,370300.0
2006,ARLINGTON,1460805.0
2006,AUGUSTA,1297790.0
2006,BATH,73440.0
2006,BEDFORD,807150.0
2006,BLAND,241500.0
2006,BOTETOURT,435660.0
2006,BRISTOL CITY,1506520.0
2006,BRUNSWICK,116000.0
2006,BUCHANAN,2053130.0
2006,BUCKINGHAM,307700.0
2006,BUENA VISTA CITY,220600.0
2006,CAMPBELL,569910.0
2006,CAROLINE,237800.0
2006,CARROLL,375340.0
2006,CHARLOTTE,241600.0
2006,CHARLOTTESVILLE CITY,1435700.0
2006,CHESAPEAKE CITY,4368760.0
2006,CHESTERFIELD,6727960.0
2006,CLARKE,131300.0
2006,COLONIAL HEIGHTS CITY,1477850.0
2006,COVINGTON CITY,429460.0
2006,CRAIG,125300.0
2006,CULPEPER,1117200.0
2006,CUMBERLAND,38270.0
2006,DANVILLE CITY,2534880.0
2006,DICKENSON,1703290.0
2006,DINWIDDIE,97200.0
2006,ESSEX,345600.0
2006,FAIRFAX,11575225.0
2006,FAIRFAX CITY,668485.0
2006,FALLS CHURCH CITY,629350.0
2006,FAUQUIER,1808800.0
2006,FLOYD,229230.0
2006,FLUVANNA,264500.0
2006,FRANKLIN,1480960.0
2006,FRANKLIN CITY,455520.0
2006,FREDERICK,1263200.0
2006,FREDERICKSBURG CITY,1550640.0
2006,GALAX CITY,656800.0
2006,GILES,1128400.0
2006,GLOUCESTER,1164600.0
2006,GOOCHLAND,220500.0
2006,GRAYSON,123400.0
2006,GREENE,72700.0
2006,GREENSVILLE,318680.0
2006,HALIFAX,896800.0
2006,HAMPTON CITY,3013720.0
2006,HANOVER,2551210.0
2006,HARRISONBURG CITY,2049580.0
2006,HENRICO,7764250.0
2006,HENRY,1386100.0
2006,HOPEWELL CITY,824420.0
2006,ISLE OF WIGHT,733200.0
2006,JAMES CITY,1633920.0
2006,KING GEORGE,179300.0
2006,KING WILLIAM,335275.0
2006,LANCASTER,451950.0
2006,LEE,1665890.0
2006,LEXINGTON CITY,500630.0
2006,LOUDOUN,3718963.0
2006,LOUISA,600100.0
2006,LUNENBURG,169400.0
2006,LYNCHBURG CITY,2684070.0
2006,MADISON,117700.0
2006,MANASSAS CITY,1233389.0
2006,MARTINSVILLE CITY,2731900.0
2006,MATHEWS,183700.0
2006,MECKLENBURG,777585.0
2006,MIDDLESEX,200700.0
2006,MONTGOMERY,2682360.0
2006,NELSON,239200.0
2006,NEW KENT,321100.0
2006,NEWPORT NEWS CITY,3435060.0
2006,NORFOLK CITY,3644740.0
2006,NORTHAMPTON,461200.0
2006,NORTHUMBERLAND,177000.0
2006,NORTON CITY,912900.0
2006,NOTTOWAY,339150.0
2006,ORANGE,886200.0
2006,PAGE,781700.0
2006,PATRICK,550560.0
2006,PETERSBURG CITY,1037380.0
2006,PITTSYLVANIA,310300.0
2006,POQUOSON CITY,370600.0
2006,PORTSMOUTH CITY,2879210.0
2006,POWHATAN,368600.0
2006,PRINCE EDWARD,502400.0
2006,PRINCE GEORGE,104500.0
2006,PRINCE WILLIAM,4884918.0
2006,PULASKI,2480700.0
2006,RADFORD,797160.0
2006,RAPPAHANNOCK,51000.0
2006,RICHMOND,127700.0
2006,RICHMOND CITY,3241192.0
2006,ROANOKE,2455544.0
2006,ROANOKE CITY,4188810.0
2006,ROCKINGHAM,695000.0
2006,RUSSELL,2162845.0
2006,SALEM,1485480.0
2006,SCOTT,2208050.0
2006,SHENANDOAH,896100.0
2006,SMYTH,1622440.0
2006,SOUTHAMPTON,11800.0
2006,SPOTSYLVANIA,2002420.0
2006,STAFFORD,2009806.0
2006,STAUNTON CITY,1655200.0
2006,SUFFOLK CITY,1339920.0
2006,SURRY,22100.0
2006,SUSSEX,130700.0
2006,TAZEWELL,3932200.0
2006,VIRGINIA BEACH CITY,7301128.0
2006,WARREN,1184975.0
2006,WASHINGTON,2766590.0
2006,WAYNESBORO CITY,1735000.0
2006,WESTMORELAND,227400.0
2006,WINCHESTER CITY,1693150.0
2006,WISE,3954350.0
2006,WYTHE,1355100.0
2006,YORK,782800.0
2007,ACCOMACK,614000.0
2007,ALBEMARLE,2223720.0
2007,ALEXANDRIA CITY,1536397.0
2007,ALLEGHANY,357420.0
2007,AMELIA,208100.0
2007,AMHERST,631400.0
2007,APPOMATTOX,416100.0
2007,ARLINGTON,1545774.0
2007,AUGUSTA,1460800.0
2007,BATH,77600.0
2007,BEDFORD,947600.0
2007,BLAND,281000.0
2007,BOTETOURT,511740.0
2007,BRISTOL CITY,1668500.0
2007,BRUNSWICK,114000.0
2007,BUCHANAN,2096890.0
2007,BUCKINGHAM,375460.0
2007,BUENA VISTA CITY,251900.0
2007,CAMPBELL,692600.0
2007,CAROLINE,261700.0
2007,CARROLL,481200.0
2007,CHARLOTTE,281100.0
2007,CHARLOTTESVILLE CITY,1462400.0
2007,CHESAPEAKE CITY,4634880.0
2007,CHESTERFIELD,7508506.0
2007,CLARKE,136600.0
2007,COLONIAL HEIGHTS CITY,1459240.0
2007,COVINGTON CITY,545320.0
2007,CRAIG,146400.0
2007,CULPEPER,1281916.0
2007,CUMBERLAND,59800.0
2007,DANVILLE CITY,2345060.0
2007,DICKENSON,1824830.0
2007,DINWIDDIE,112800.0
2007,ESSEX,305400.0
2007,FAIRFAX,12661472.0
2007,FAIRFAX CITY,647053.0
2007,FALLS CHURCH CITY,657678.0
2007,FAUQUIER,2110360.0
2007,FLOYD,298300.0
2007,FLUVANNA,279400.0
2007,FRANKLIN,1838520.0
2007,FRANKLIN CITY,563500.0
2007,FREDERICK,1527700.0
2007,FREDERICKSBURG CITY,1579840.0
2007,GALAX CITY,778100.0
2007,GILES,1372200.0
2007,GLOUCESTER,1244300.0
2007,GOOCHLAND,256200.0
2007,GRAYSON,146900.0
2007,GREENE,72300.0
2007,GREENSVILLE,343200.0
2007,HALIFAX,983500.0
2007,HAMPTON CITY,3257560.0
2007,HANOVER,2848200.0
2007,HARRISONBURG CITY,2356400.0
2007,HENRICO,8722834.0
2007,HENRY,1901800.0
2007,HOPEWELL CITY,920990.0
2007,ISLE OF WIGHT,829100.0
2007,JAMES CITY,1753700.0
2007,KING GEORGE,203700.0
2007,KING WILLIAM,392900.0
2007,LANCASTER,594680.0
2007,LEE,1572690.0
2007,LEXINGTON CITY,623500.0
2007,LOUDOUN,4088683.0
2007,LOUISA,710900.0
2007,LUNENBURG,174800.0
2007,LYNCHBURG CITY,3118350.0
2007,MADISON,118900.0
2007,MANASSAS CITY,1312940.0
2007,MARTINSVILLE CITY,3064400.0
2007,MATHEWS,190700.0
2007,MECKLENBURG,927660.0
2007,MIDDLESEX,221800.0
2007,MONTGOMERY,3115540.0
2007,NELSON,284100.0
2007,NEW KENT,320300.0
2007,NEWPORT NEWS CITY,3746060.0
2007,NORFOLK CITY,4025920.0
2007,NORTHAMPTON,550700.0
2007,NORTHUMBERLAND,183200.0
2007,NORTON CITY,1054100.0
2007,NOTTOWAY,407360.0
2007,ORANGE,1080400.0
2007,PAGE,917900.0
2007,PATRICK,667200.0
2007,PETERSBURG CITY,1219300.0
2007,PITTSYLVANIA,343600.0
2007,POQUOSON CITY,407600.0
2007,PORTSMOUTH CITY,3254550.0
2007,POWHATAN,434100.0
2007,PRINCE EDWARD,554300.0
2007,PRINCE GEORGE,111040.0
2007,PRINCE WILLIAM,5273487.0
2007,PULASKI,2598500.0
2007,RADFORD,921800.0
2007,RAPPAHANNOCK,59700.0
2007,RICHMOND,123200.0
2007,RICHMOND CITY,3704310.0
2007,ROANOKE,2978074.0
2007,ROANOKE CITY,4890810.0
2007,ROCKINGHAM,815300.0
2007,RUSSELL,2338200.0
2007,SALEM,1811280.0
2007,SCOTT,2172790.0
2007,SHENANDOAH,1012700.0
2007,SMYTH,2037970.0
2007,SOUTHAMPTON,10800.0
2007,SPOTSYLVANIA,2379020.0
2007,STAFFORD,2245651.0
2007,STAUNTON CITY,1885400.0
2007,SUFFOLK CITY,1676700.0
2007,SURRY,19500.0
2007,SUSSEX,158000.0
2007,TAZEWELL,4142500.0
2007,VIRGINIA BEACH CITY,7674334.0
2007,WARREN,1296300.0
2007,WASHINGTON,3340840.0
2007,WAYNESBORO CITY,2014300.0
2007,WESTMORELAND,278900.0
2007,WINCHESTER CITY,1970575.0
2007,WISE,4505460.0
2007,WYTHE,1629520.0
2007,YORK,853600.0
2008,ACCOMACK,691400.0
2008,ALBEMARLE,2481080.0
2008,ALEXANDRIA CITY,1645200.0
2008,ALLEGHANY,403360.0
2008,AMELIA,210600.0
2008,AMHERST,750360.0
2008,APPOMATTOX,532660.0
2008,ARLINGTON,1620500.0
2008,AUGUSTA,1473900.0
2008,BATH,84000.0
2008,BEDFORD,1074900.0
2008,BLAND,240700.0
2008,BOTETOURT,558230.0
2008,BRISTOL CITY,1806430.0
2008,BRUNSWICK,86400.0
2008,BUCHANAN,2117900.0
2008,BUCKINGHAM,385700.0
2008,BUENA VISTA CITY,270500.0
2008,CAMPBELL,697000.0
2008,CAROLINE,291660.0
2008,CARROLL,576900.0
2008,CHARLOTTE,292600.0
2008,CHARLOTTESVILLE CITY,1537000.0
2008,CHESAPEAKE CITY,4699630.0
2008,CHESTERFIELD,8061582.0
2008,CLARKE,120300.0
2008,COLONIAL HEIGHTS CITY,1341140.0
2008,COVINGTON CITY,617200.0
2008,CRAIG,137600.0
2008,CULPEPER,1424560.0
2008,CUMBERLAND,81900.0
2008,DANVILLE CITY,2600390.0
2008,DICKENSON,1656390.0
2008,DINWIDDIE,101300.0
2008,ESSEX,351330.0
2008,FAIRFAX,13741460.0
2008,FAIRFAX CITY,704920.0
2008,FALLS CHURCH CITY,718180.0
2008,FAUQUIER,2426290.0
2008,FLOYD,324400.0
2008,FLUVANNA,353800.0
2008,FRANKLIN,2128300.0
2008,FRANKLIN CITY,591100.0
2008,FREDERICK,1538300.0
2008,FREDERICKSBURG CITY,1574540.0
2008,GALAX CITY,937510.0
2008,GILES,1493400.0
2008,GLOUCESTER,1219300.0
2008,GOOCHLAND,293820.0
2008,GRAYSON,154100.0
2008,GREENE,100700.0
2008,GREENSVILLE,437200.0
2008,HALIFAX,1016300.0
2008,HAMPTON CITY,3254960.0
2008,HANOVER,3029960.0
2008,HARRISONBURG CITY,2536300.0
2008,HENRICO,9363436.0
2008,HENRY,2165900.0
2008,HOPEWELL CITY,989820.0
2008,ISLE OF WIGHT,810400.0
2008,JAMES CITY,1650500.0
2008,KING GEORGE,220400.0
2008,KING WILLIAM,431400.0
2008,LANCASTER,615460.0
2008,LEE,1896670.0
2008,LEXINGTON CITY,751850.0
2008,LOUDOUN,4575785.0
2008,LOUISA,715700.0
2008,LUNENBURG,186000.0
2008,LYNCHBURG CITY,3470680.0
2008,MADISON,113400.0
2008,MANASSAS CITY,1284500.0
2008,MARTINSVILLE CITY,3215530.0
2008,MATHEWS,189500.0
2008,MECKLENBURG,1041820.0
2008,MIDDLESEX,224100.0
2008,MONTGOMERY,3288560.0
2008,NELSON,327600.0
2008,NEW KENT,305700.0
2008,NEWPORT NEWS CITY,3879090.0
2008,NORFOLK CITY,4350350.0
2008,NORTHAMPTON,564220.0
2008,NORTHUMBERLAND,177800.0
2008,NORTON CITY,1083620.0
2008,NOTTOWAY,435900.0
2008,ORANGE,1099300.0
2008,PAGE,1128460.0
2008,PATRICK,769200.0
2008,PETERSBURG CITY,1291600.0
2008,PITTSYLVANIA,411200.0
2008,POQUOSON CITY,339100.0
2008,PORTSMOUTH CITY,3582259.0
2008,POWHATAN,366940.0
2008,PRINCE EDWARD,619700.0
2008,PRINCE GEORGE,117200.0
2008,PRINCE WILLIAM,6168675.0
2008,PULASKI,2815100.0
2008,RADFORD,952200.0
2008,RAPPAHANNOCK,61800.0
2008,RICHMOND,111100.0
2008,RICHMOND CITY,4031580.0
2008,ROANOKE,3317444.0
2008,ROANOKE CITY,5207140.0
2008,ROCKINGHAM,924300.0
2008,RUSSELL,2443100.0
2008,SALEM,2130410.0
2008,SCOTT,2228200.0
2008,SHENANDOAH,1136780.0
2008,SMYTH,2216280.0
2008,SOUTHAMPTON,15500.0
2008,SPOTSYLVANIA,2659970.0
2008,STAFFORD,2417752.0
2008,STAUNTON CITY,1976200.0
2008,SUFFOLK CITY,1825400.0
2008,SURRY,19400.0
2008,SUSSEX,162100.0
2008,TAZEWELL,4249760.0
2008,VIRGINIA BEACH CITY,7642477.0
2008,WARREN,1532200.0
2008,WASHINGTON,3685160.0
2008,WAYNESBORO CITY,2202630.0
2008,WESTMORELAND,284800.0
2008,WINCHESTER CITY,2227795.0
2008,WISE,4653180.0
2008,WYTHE,1758300.0
2008,YORK,889300.0
2009,ACCOMACK,702600.0
2009,ALBEMARLE,2714960.0
2009,ALEXANDRIA CITY,1825720.0
2009,ALLEGHANY,475550.0
2009,AMELIA,227400.0
2009,AMHERST,838660.0
2009,APPOMATTOX,606000.0
2009,ARLINGTON,1751300.0
2009,AUGUSTA,1533900.0
2009,BATH,76500.0
2009,BEDFORD,1154260.0
2009,BLAND,213700.0
2009,BOTETOURT,614320.0
2009,BRISTOL CITY,1848900.0
2009,BRUNSWICK,98000.0
2009,BUCHANAN,2136350.0
2009,BUCKINGHAM,450400.0
2009,BUENA VISTA CITY,301200.0
2009,CAMPBELL,877700.0
2009,CAROLINE,284400.0
2009,CARROLL,636100.0
2009,CHARLOTTE,299200.0
2009,CHARLOTTESVILLE CITY,1681500.0
2009,CHESAPEAKE CITY,5043070.0
2009,CHESTERFIELD,8910670.0
2009,CLARKE,120600.0
2009,COLONIAL HEIGHTS CITY,1539660.0
2009,COVINGTON CITY,670510.0
2009,CRAIG,166100.0
2009,CULPEPER,1565320.0
2009,CUMBERLAND,67600.0
2009,DANVILLE CITY,2979640.0
2009,DICKENSON,1778310.0
2009,DINWIDDIE,98400.0
2009,ESSEX,394900.0
2009,FAIRFAX,15208870.0
2009,FAIRFAX CITY,783520.0
2009,FALLS CHURCH CITY,753160.0
2009,FAUQUIER,2791452.00298
2009,FLOYD,365700.0
2009,FLUVANNA,393260.0
2009,FRANKLIN,2374680.0
2009,FRANKLIN CITY,532200.0
2009,FREDERICK,1560600.0
2009,FREDERICKSBURG CITY,1828780.0
2009,GALAX CITY,997430.0
2009,GILES,1462710.0
2009,GLOUCESTER,1335500.0
2009,GOOCHLAND,332580.0
2009,GRAYSON,173930.0
2009,GREENE,90100.0
2009,GREENSVILLE,572600.0
2009,HALIFAX,1127800.0
2009,HAMPTON CITY,3500820.0
2009,HANOVER,3426750.0
2009,HARRISONBURG CITY,2848320.0
2009,HENRICO,10561020.0
2009,HENRY,2610300.0
2009,HOPEWELL CITY,1201830.0
2009,ISLE OF WIGHT,778900.0
2009,JAMES CITY,1757720.0
2009,KING GEORGE,226825.0
2009,KING WILLIAM,448800.0
2009,LANCASTER,689900.0
2009,LEE,2095219.0
2009,LEXINGTON CITY,790500.0
2009,LOUDOUN,4958990.0
2009,LOUISA,744200.0
2009,LUNENBURG,190000.0
2009,LYNCHBURG CITY,4089930.0
2009,MADISON,131200.0
2009,MANASSAS CITY,1502300.0
2009,MARTINSVILLE CITY,3403360.0
2009,MATHEWS,192000.0
2009,MECKLENBURG,1275320.0
2009,MIDDLESEX,256500.0
2009,MONTGOMERY,3289190.0
2009,NELSON,342880.0
2009,NEW KENT,338930.0
2009,NEWPORT NEWS CITY,4101140.0
2009,NORFOLK CITY,4614790.0
2009,NORTHAMPTON,583800.0
2009,NORTHUMBERLAND,182400.0
2009,NORTON CITY,1211860.0
2009,NOTTOWAY,439800.0
2009,ORANGE,1254500.0
2009,PAGE,1224330.0
2009,PATRICK,825500.0
2009,PETERSBURG CITY,1488420.0
2009,PITTSYLVANIA,478400.0
2009,POQUOSON CITY,346200.0
2009,PORTSMOUTH CITY,3727950.0
2009,POWHATAN,431840.0
2009,PRINCE EDWARD,671800.0
2009,PRINCE GEORGE,123730.0
2009,PRINCE WILLIAM,7365170.0
2009,PULASKI,2972890.0
2009,RADFORD,961550.0
2009,RAPPAHANNOCK,59600.0
2009,RICHMOND,147600.0
2009,RICHMOND CITY,4599455.0
2009,ROANOKE,3736906.0
2009,ROANOKE CITY,5832570.0
2009,ROCKINGHAM,1069020.0
2009,RUSSELL,2449670.0
2009,SALEM,2538740.0
2009,SCOTT,2273040.0
2009,SHENANDOAH,1169720.0
2009,SMYTH,2179004.0
2009,SOUTHAMPTON,12900.0
2009,SPOTSYLVANIA,3141300.0
2009,STAFFORD,2904600.0
2009,STAUNTON CITY,2176450.0
2009,SUFFOLK CITY,1860880.0
2009,SURRY,16000.0
2009,SUSSEX,174800.0
2009,TAZEWELL,4690910.0
2009,VIRGINIA BEACH CITY,8115030.0
2009,WARREN,1770620.0
2009,WASHINGTON,3868550.0
2009,WAYNESBORO CITY,2388630.0
2009,WESTMORELAND,314100.0
2009,WINCHESTER CITY,2201230.0
2009,WISE,5073400.0
2009,WYTHE,1867310.0
2009,YORK,1074900.0
2010,ACCOMACK,802300.0
2010,ALBEMARLE,2468940.0
2010,ALEXANDRIA CITY,2019900.0
2010,ALLEGHANY,522240.0
2010,AMELIA,222100.0
2010,AMHERST,843160.0
2010,APPOMATTOX,722000.0
2010,ARLINGTON,1855600.0
2010,AUGUSTA,1535100.0
2010,BATH,93200.0
2010,BEDFORD,1300150.0
2010,BLAND,246660.0
2010,BOTETOURT,632790.0
2010,BRISTOL CITY,1870450.0
2010,BRUNSWICK,114700.0
2010,BUCHANAN,2187770.0
2010,BUCKINGHAM,498000.0
2010,BUENA VISTA CITY,311400.0
2010,CAMPBELL,917100.0
2010,CAROLINE,316600.0
2010,CARROLL,674900.0
2010,CHARLOTTE,317100.0
2010,CHARLOTTESVILLE CITY,1510500.0
2010,CHESAPEAKE CITY,5658310.0
2010,CHESTERFIELD,9321745.0
2010,CLARKE,124000.0
2010,COLONIAL HEIGHTS CITY,1641300.0
2010,COVINGTON CITY,683170.0
2010,CRAIG,151620.0
2010,CULPEPER,1584800.0
2010,CUMBERLAND,94300.0
2010,DANVILLE CITY,3088480.0
2010,DICKENSON,1921570.0
2010,DINWIDDIE,118200.0
2010,ESSEX,437900.0
2010,FAIRFAX,16209164.0
2010,FAIRFAX CITY,826540.0
2010,FALLS CHURCH CITY,933090.0
2010,FAUQUIER,2912222.00036
2010,FLOYD,453370.0
2010,FLUVANNA,471200.0
2010,FRANKLIN,2451000.0
2010,FRANKLIN CITY,566800.0
2010,FREDERICK,1678000.0
2010,FREDERICKSBURG CITY,1807820.0
2010,GALAX CITY,1095000.0
2010,GILES,1494300.0
2010,GLOUCESTER,1477700.0
2010,GOOCHLAND,341280.0
2010,GRAYSON,185500.0
2010,GREENE,352200.0
2010,GREENSVILLE,615440.0
2010,HALIFAX,1244300.0
2010,HAMPTON CITY,3820600.0
2010,HANOVER,3605490.0
2010,HARRISONBURG CITY,2951080.0
2010,HENRICO,10811510.0
2010,HENRY,2541710.0
2010,HOPEWELL CITY,1343980.0
2010,ISLE OF WIGHT,869500.0
2010,JAMES CITY,2027970.0
2010,KING GEORGE,260100.0
2010,KING WILLIAM,456500.0
2010,LANCASTER,791700.0
2010,LEE,2092200.0
2010,LEXINGTON CITY,806600.0
2010,LOUDOUN,5452560.0
2010,LOUISA,811700.0
2010,LUNENBURG,227040.0
2010,LYNCHBURG CITY,4211370.0
2010,MADISON,144100.0
2010,MANASSAS CITY,1678200.0
2010,MARTINSVILLE CITY,3540460.0
2010,MATHEWS,165800.0
2010,MECKLENBURG,1334290.0
2010,MIDDLESEX,273600.0
2010,MONTGOMERY,3175350.0
2010,NELSON,347900.0
2010,NEW KENT,370530.0
2010,NEWPORT NEWS CITY,4262910.0
2010,NORFOLK CITY,4938160.0
2010,NORTHAMPTON,579380.0
2010,NORTHUMBERLAND,189100.0
2010,NORTON CITY,1262700.0
2010,NOTTOWAY,455200.0
2010,ORANGE,1310700.0
2010,PAGE,1288900.0
2010,PATRICK,912000.0
2010,PETERSBURG CITY,1590100.0
2010,PITTSYLVANIA,512200.0
2010,POQUOSON CITY,433100.0
2010,PORTSMOUTH CITY,3902950.0
2010,POWHATAN,381380.0
2010,PRINCE EDWARD,691100.0
2010,PRINCE GEORGE,124980.0
2010,PRINCE WILLIAM,8126220.0
2010,PULASKI,3163200.0
2010,RADFORD,886970.0
2010,RAPPAHANNOCK,43600.0
2010,RICHMOND,133600.0
2010,RICHMOND CITY,5174195.0
2010,ROANOKE,3876430.0
2010,ROANOKE CITY,5852900.0
2010,ROCKINGHAM,1137900.0
2010,RUSSELL,2480400.0
2010,SALEM,2609420.0
2010,SCOTT,2372240.0
2010,SHENANDOAH,1265600.0
2010,SMYTH,2180900.0
2010,SOUTHAMPTON,12800.0
2010,SPOTSYLVANIA,3335880.0
2010,STAFFORD,3296396.0
2010,STAUNTON CITY,2281600.0
2010,SUFFOLK CITY,2096140.0
2010,SURRY,18700.0
2010,SUSSEX,161230.0
2010,TAZEWELL,4688541.0
2010,VIRGINIA BEACH CITY,9112878.0
2010,WARREN,1960700.0
2010,WASHINGTON,4077100.0
2010,WAYNESBORO CITY,2549200.0
2010,WESTMORELAND,333200.0
2010,WINCHESTER CITY,2278400.0
2010,WISE,5214070.0
2010,WYTHE,2042450.0
2010,YORK,1150900.0
2011,ACCOMACK,920300.0
2011,ALBEMARLE,2579670.0
2011,ALEXANDRIA CITY,2105510.0
2011,ALLEGHANY,610060.0
2011,AMELIA,278400.0
2011,AMHERST,1014250.0
2011,APPOMATTOX,829700.0
2011,ARLINGTON,2074490.0
2011,AUGUSTA,1613820.0
2011,BATH,99100.0
2011,BEDFORD,1471360.0
2011,BLAND,276500.0
2011,BOTETOURT,756110.0
2011,BRISTOL CITY,2058200.0
2011,BRUNSWICK,138300.0
2011,BUCHANAN,2226610.0
2011,BUCKINGHAM,568700.0
2011,BUENA VISTA CITY,345300.0
2011,CAMPBELL,1040500.0
2011,CAROLINE,348500.0
2011,CARROLL,801900.0
2011,CHARLOTTE,336000.0
2011,CHARLOTTESVILLE CITY,1794200.0
2011,CHESAPEAKE CITY,6266840.0
2011,CHESTERFIELD,10640109.0
2011,CLARKE,123600.0
2011,COLONIAL HEIGHTS CITY,1939440.0
2011,COVINGTON CITY,777480.0
2011,CRAIG,175330.0
2011,CULPEPER,1660200.0
2011,CUMBERLAND,160700.0
2011,DANVILLE CITY,3437530.0
2011,DICKENSON,2391720.0
2011,DINWIDDIE,113200.0
2011,ESSEX,489900.0
2011,FAIRFAX,17457725.0
2011,FAIRFAX CITY,839720.0
2011,FALLS CHURCH CITY,981300.0
2011,FAUQUIER,2989830.0
2011,FLOYD,586680.0
2011,FLUVANNA,583800.0
2011,FRANKLIN,2675700.0
2011,FRANKLIN CITY,663100.0
2011,FREDERICK,1957000.0
2011,FREDERICKSBURG CITY,1938490.0
2011,GALAX CITY,1327420.0
2011,GILES,1524330.0
2011,GLOUCESTER,1607500.0
2011,GOOCHLAND,338400.0
2011,GRAYSON,204000.0
2011,GREENE,594800.0
2011,GREENSVILLE,684400.0
2011,HALIFAX,1381370.0
2011,HAMPTON CITY,4388640.0
2011,HANOVER,4348960.0
2011,HARRISONBURG CITY,3295260.0
2011,HENRICO,11838310.0
2011,HENRY,2871740.0
2011,HOPEWELL CITY,1472100.0
2011,ISLE OF WIGHT,954700.0
2011,JAMES CITY,2298400.0
2011,KING GEORGE,374530.0
2011,KING WILLIAM,523100.0
2011,LANCASTER,932560.0
2011,LEE,2326300.0
2011,LEXINGTON CITY,907360.0
2011,LOUDOUN,5355680.0
2011,LOUISA,940120.0
2011,LUNENBURG,272140.0
2011,LYNCHBURG CITY,4817570.0
2011,MADISON,145500.0
2011,MANASSAS CITY,1939280.0
2011,MARTINSVILLE CITY,4113520.0
2011,MATHEWS,195500.0
2011,MECKLENBURG,1704750.0
2011,MIDDLESEX,320100.0
2011,MONTGOMERY,3395680.0
2011,NELSON,385160.0
2011,NEW KENT,445100.0
2011,NEWPORT NEWS CITY,4744770.0
2011,NORFOLK CITY,5743000.0
2011,NORTHAMPTON,591860.0
2011,NORTHUMBERLAND,196200.0
2011,NORTON CITY,1361380.0
2011,NOTTOWAY,504200.0
2011,ORANGE,1511300.0
2011,PAGE,1486690.0
2011,PATRICK,936500.0
2011,PETERSBURG CITY,1764950.0
2011,PITTSYLVANIA,621700.0
2011,POQUOSON CITY,460100.0
2011,PORTSMOUTH CITY,4414460.0
2011,POWHATAN,463400.0
2011,PRINCE EDWARD,803000.0
2011,PRINCE GEORGE,144800.0
2011,PRINCE WILLIAM,8752690.0
2011,PULASKI,3422620.0
2011,RADFORD,968000.0
2011,RAPPAHANNOCK,27300.0
2011,RICHMOND,144700.0
2011,RICHMOND CITY,5810170.0
2011,ROANOKE,4252360.0
2011,ROANOKE CITY,6367650.0
2011,ROCKINGHAM,1305600.0
2011,RUSSELL,2463600.0
2011,SALEM,2804000.0
2011,SCOTT,2502450.0
2011,SHENANDOAH,1454900.0
2011,SMYTH,2401270.0
2011,SOUTHAMPTON,15800.0
2011,SPOTSYLVANIA,4073660.0
2011,STAFFORD,3786586.0
2011,STAUNTON CITY,2412630.0
2011,SUFFOLK CITY,2379880.0
2011,SURRY,19100.0
2011,SUSSEX,173400.0
2011,TAZEWELL,4863800.0
2011,VIRGINIA BEACH CITY,10327238.0
2011,WARREN,2174500.0
2011,WASHINGTON,4459950.0
2011,WAYNESBORO CITY,2727000.0
2011,WESTMORELAND,405920.0
2011,WINCHESTER CITY,2311230.0
2011,WISE,5770451.0
2011,WYTHE,1992880.0
2011,YORK,1367900.0
2012,ACCOMACK,841750.0
2012,ALBEMARLE,2589740.0
2012,ALEXANDRIA CITY,2199780.0
2012,ALLEGHANY,678100.0
2012,AMELIA,271700.0
2012,AMHERST,983850.0
2012,APPOMATTOX,963660.0
2012,ARLINGTON,2199130.0
2012,AUGUSTA,1642320.0
2012,BATH,128800.0
2012,BEDFORD,1525450.0
2012,BLAND,315420.0
2012,BOTETOURT,812280.0
2012,BRISTOL CITY,2055310.0
2012,BRUNSWICK,142100.0
2012,BUCHANAN,2312450.0
2012,BUCKINGHAM,575690.0
2012,BUENA VISTA CITY,351890.0
2012,CAMPBELL,1109790.0
2012,CAROLINE,392360.0
2012,CARROLL,864900.0
2012,CHARLOTTE,343000.0
2012,CHARLOTTESVILLE CITY,1967790.0
2012,CHESAPEAKE CITY,6348940.0
2012,CHESTERFIELD,11026770.0
2012,CLARKE,24400.0
2012,COLONIAL HEIGHTS CITY,1983890.0
2012,COVINGTON CITY,788550.0
2012,CRAIG,188160.0
2012,CULPEPER,1474940.0
2012,CUMBERLAND,137060.0
2012,DANVILLE CITY,3377396.5
2012,DICKENSON,2307760.0
2012,DINWIDDIE,149250.0
2012,ESSEX,468130.0
2012,FAIRFAX,16959890.0
2012,FAIRFAX CITY,835000.0
2012,FALLS CHURCH CITY,814420.0
2012,FAUQUIER,2741280.0
2012,FLOYD,565560.0
2012,FLUVANNA,580120.0
2012,FRANKLIN,2783760.0
2012,FRANKLIN CITY,711300.0
2012,FREDERICK,2143080.0
2012,FREDERICKSBURG CITY,2026220.0
2012,GALAX CITY,1287060.0
2012,GILES,1662230.0
2012,GLOUCESTER,1651990.0
2012,GOOCHLAND,371120.0
2012,GRAYSON,195100.0
2012,GREENE,671020.0
2012,GREENSVILLE,721760.0
2012,HALIFAX,1369840.0
2012,HAMPTON CITY,4761670.0
2012,HANOVER,4904155.0
2012,HARRISONBURG CITY,3438920.0
2012,HENRICO,12040744.0
2012,HENRY,2885920.0
2012,HOPEWELL CITY,1377830.0
2012,ISLE OF WIGHT,1005850.0
2012,JAMES CITY,2492970.0
2012,KING GEORGE,471690.0
2012,KING WILLIAM,569400.0
2012,LANCASTER,924390.0
2012,LEE,2378220.0
2012,LEXINGTON CITY,943830.0
2012,LOUDOUN,5306945.0
2012,LOUISA,982570.0
2012,LUNENBURG,279500.0
2012,LYNCHBURG CITY,5065085.0
2012,MADISON,167300.0
2012,MANASSAS CITY,2047850.0
2012,MARTINSVILLE CITY,3869460.0
2012,MATHEWS,194190.0
2012,MECKLENBURG,1803760.0
2012,MIDDLESEX,311650.0
2012,MONTGOMERY,3412470.0
2012,NELSON,502050.0
2012,NEW KENT,469140.0
2012,NEWPORT NEWS CITY,4913530.0
2012,NORFOLK CITY,6251970.0
2012,NORTHAMPTON,504900.0
2012,NORTHUMBERLAND,229050.0
2012,NORTON CITY,1380030.0
2012,NOTTOWAY,502900.0
2012,ORANGE,1610800.0
2012,PAGE,1347620.0
2012,PATRICK,908500.0
2012,PETERSBURG CITY,1856290.0
2012,PITTSYLVANIA,708970.0
2012,POQUOSON CITY,512820.0
2012,PORTSMOUTH CITY,4797130.0
2012,POWHATAN,510780.0
2012,PRINCE EDWARD,815330.0
2012,PRINCE GEORGE,168400.0
2012,PRINCE WILLIAM,8935380.0
2012,PULASKI,3514200.0
2012,RADFORD,1013690.0
2012,RAPPAHANNOCK,22600.0
2012,RICHMOND,148530.0
2012,RICHMOND CITY,5786680.0
2012,ROANOKE,4294090.0
2012,ROANOKE CITY,6370380.0
2012,ROCKINGHAM,1399960.0
2012,RUSSELL,2495450.0
2012,SALEM,2888750.0
2012,SCOTT,2553146.0
2012,SHENANDOAH,1492070.0
2012,SMYTH,2372665.0
2012,SOUTHAMPTON,17100.0
2012,SPOTSYLVANIA,4485100.0
2012,STAFFORD,3545536.0
2012,STAUNTON CITY,2556850.0
2012,SUFFOLK CITY,2391590.0
2012,SUSSEX,193000.0
2012,TAZEWELL,4696350.0
2012,VIRGINIA BEACH CITY,10808190.0
2012,WARREN,1943080.0
2012,WASHINGTON,4432100.0
2012,WAYNESBORO CITY,2634400.0
2012,WESTMORELAND,417080.0
2012,WINCHESTER CITY,2333000.0
2012,WISE,5688450.0
2012,WYTHE,2021340.0
2012,YORK,1400530.0
2013,ACCOMACK,806000.0
2013,ALBEMARLE,2466245.0
2013,ALEXANDRIA CITY,2230310.0
2013,ALLEGHANY,683700.0
2013,AMELIA,251000.0
2013,AMHERST,1009250.0
2013,APPOMATTOX,989900.0
2013,ARLINGTON,2341670.0
2013,AUGUSTA,1613850.0
2013,BATH,131200.0
2013,BEDFORD,1550620.0
2013,BLAND,296900.0
2013,BOTETOURT,885930.0
2013,BRISTOL CITY,2006600.0
2013,BRUNSWICK,142600.0
2013,BUCHANAN,2001810.0
2013,BUCKINGHAM,573520.0
2013,BUENA VISTA CITY,331600.0
2013,CAMPBELL,1104200.0
2013,CAROLINE,379600.0
2013,CARROLL,841620.0
2013,CHARLOTTE,362800.0
2013,CHARLOTTESVILLE CITY,1931230.0
2013,CHESAPEAKE CITY,6121080.0
2013,CHESTERFIELD,10741024.0
2013,CLARKE,90000.0
2013,COLONIAL HEIGHTS CITY,1818760.0
2013,COVINGTON CITY,729320.0
2013,CRAIG,208690.0
2013,CULPEPER,1320730.0
2013,CUMBERLAND,139500.0
2013,DANVILLE CITY,3285134.0
2013,DICKENSON,2584470.0
2013,DINWIDDIE,131560.0
2013,ESSEX,415710.0
2013,FAIRFAX,15380180.0
2013,FAIRFAX CITY,800550.0
2013,FALLS CHURCH CITY,590660.0
2013,FAUQUIER,2314660.0
2013,FLOYD,496440.0
2013,FLUVANNA,567160.0
2013,FRANKLIN,2634920.0
2013,FRANKLIN CITY,657130.0
2013,FREDERICK,1950740.0
2013,FREDERICKSBURG CITY,1867030.0
2013,GALAX CITY,1311480.0
2013,GILES,1314990.0
2013,GLOUCESTER,1672870.0
2013,GOOCHLAND,348620.0
2013,GRAYSON,175100.0
2013,GREENE,671070.0
2013,GREENSVILLE,681920.0
2013,HALIFAX,1364140.0
2013,HAMPTON CITY,4626360.0
2013,HANOVER,4995943.0
2013,HARRISONBURG CITY,3264300.0
2013,HENRICO,11792938.0
2013,HENRY,2833480.0
2013,HOPEWELL CITY,1710300.0
2013,ISLE OF WIGHT,970450.0
2013,JAMES CITY,2529010.0
2013,KING GEORGE,475620.0
2013,KING WILLIAM,564230.0
2013,LANCASTER,881360.0
2013,LEE,2477600.0
2013,LEXINGTON CITY,926960.0
2013,LOUDOUN,5266480.0
2013,LOUISA,870130.0
2013,LUNENBURG,282700.0
2013,LYNCHBURG CITY,5088940.0
2013,MADISON,171300.0
2013,MANASSAS CITY,1923960.0
2013,MARTINSVILLE CITY,3736640.0
2013,MATHEWS,184000.0
2013,MECKLENBURG,1666520.0
2013,MIDDLESEX,270730.0
2013,MONTGOMERY,3199316.0
2013,NELSON,538740.0
2013,NEW KENT,484410.0
2013,NEWPORT NEWS CITY,5084820.0
2013,NORFOLK CITY,5804144.0
2013,NORTHAMPTON,527900.0
2013,NORTHUMBERLAND,229460.0
2013,NORTON CITY,1408970.0
2013,NOTTOWAY,462600.0
2013,ORANGE,1497120.0
2013,PAGE,1104150.0
2013,PATRICK,868500.0
2013,PETERSBURG CITY,1890060.0
2013,PITTSYLVANIA,751890.0
2013,POQUOSON CITY,504140.0
2013,PORTSMOUTH CITY,4911980.0
2013,POWHATAN,561980.0
2013,PRINCE EDWARD,791200.0
2013,PRINCE GEORGE,151040.0
2013,PRINCE WILLIAM,7768770.0
2013,PULASKI,3139510.0
2013,RADFORD,985800.0
2013,RAPPAHANNOCK,17900.0
2013,RICHMOND,130200.0
2013,RICHMOND CITY,5500530.0
2013,ROANOKE,4444380.0
2013,ROANOKE CITY,6324500.0
2013,ROCKINGHAM,1478020.0
2013,RUSSELL,2381480.0
2013,SALEM,2789790.0
2013,SCOTT,2439130.0
2013,SHENANDOAH,1482220.0
2013,SMYTH,2296940.0
2013,SOUTHAMPTON,20800.0
2013,SPOTSYLVANIA,4036670.0
2013,STAFFORD,3044512.0
2013,STAUNTON CITY,2445860.0
2013,SUFFOLK CITY,2400520.0
2013,SUSSEX,190440.0
2013,TAZEWELL,5161510.0
2013,VIRGINIA BEACH CITY,10341120.0
2013,WARREN,1869430.0
2013,WASHINGTON,4609360.0
2013,WAYNESBORO CITY,2530650.0
2013,WESTMORELAND,337560.0
2013,WINCHESTER CITY,2152490.0
2013,WISE,5687460.0
2013,WYTHE,1954490.0
2013,YORK,1291870.0
2014,ACCOMACK,800500.0
2014,ALBEMARLE,2464910.0
2014,ALEXANDRIA CITY,2051920.0
2014,ALLEGHANY,617400.0
2014,AMELIA,249980.0
2014,AMHERST,1012460.0
2014,APPOMATTOX,1110100.0
2014,ARLINGTON,2189680.0
2014,AUGUSTA,1422030.0
2014,BATH,146300.0
2014,BEDFORD,1523030.0
2014,BLAND,277920.0
2014,BOTETOURT,741210.0
2014,BRISTOL CITY,1884660.0
2014,BRUNSWICK,144300.0
2014,BUCHANAN,2060480.0
2014,BUCKINGHAM,620480.0
2014,BUENA VISTA CITY,310020.0
2014,CAMPBELL,1092700.0
2014,CAROLINE,362160.0
2014,CARROLL,748920.0
2014,CHARLOTTE,351620.0
2014,CHARLOTTESVILLE CITY,1710220.0
2014,CHESAPEAKE CITY,6242470.0
2014,CHESTERFIELD,10527230.0
2014,CLARKE,136100.0
2014,COLONIAL HEIGHTS CITY,1712190.0
2014,COVINGTON CITY,652600.0
2014,CRAIG,212100.0
2014,CULPEPER,1341940.0
2014,CUMBERLAND,138700.0
2014,DANVILLE CITY,3291970.0
2014,DICKENSON,2626820.0
2014,DINWIDDIE,129000.0
2014,ESSEX,479920.0
2014,FAIRFAX,14971390.0
2014,FAIRFAX CITY,766660.0
2014,FALLS CHURCH CITY,531970.0
2014,FAUQUIER,2027390.0
2014,FLOYD,469640.0
2014,FLUVANNA,526100.0
2014,FRANKLIN,2540970.0
2014,FRANKLIN CITY,691180.0
2014,FREDERICK,1984690.0
2014,FREDERICKSBURG CITY,1891820.0
2014,GALAX CITY,1273220.0
2014,GILES,1233520.0
2014,GLOUCESTER,1686450.0
2014,GOOCHLAND,270880.0
2014,GRAYSON,190500.0
2014,GREENE,736610.0
2014,GREENSVILLE,726630.0
2014,HALIFAX,1282490.0
2014,HAMPTON CITY,4541120.0
2014,HANOVER,5225087.0
2014,HARRISONBURG CITY,3316100.0
2014,HENRICO,11597180.0
2014,HENRY,2676260.0
2014,HOPEWELL CITY,1819830.0
2014,ISLE OF WIGHT,918470.0
2014,JAMES CITY,2509090.0
2014,KING AND QUEEN,200.0
2014,KING GEORGE,467300.0
2014,KING WILLIAM,534790.0
2014,LANCASTER,855250.0
2014,LEE,2529200.0
2014,LEXINGTON CITY,907400.0
2014,LOUDOUN,5331305.0
2014,LOUISA,804460.0
2014,LUNENBURG,262860.0
2014,LYNCHBURG CITY,4897850.0
2014,MADISON,170600.0
2014,MANASSAS CITY,1677620.0
2014,MARTINSVILLE CITY,3582890.0
2014,MATHEWS,171600.0
2014,MECKLENBURG,1600900.0
2014,MIDDLESEX,259300.0
2014,MONTGOMERY,3355816.0
2014,NELSON,499120.0
2014,NEW KENT,487590.0
2014,NEWPORT NEWS CITY,4956610.0
2014,NORFOLK CITY,5796964.0
2014,NORTHAMPTON,544480.0
2014,NORTHUMBERLAND,221900.0
2014,NORTON CITY,1523930.0
2014,NOTTOWAY,516420.0
2014,ORANGE,1484190.0
2014,PAGE,1036550.0
2014,PATRICK,903900.0
2014,PETERSBURG CITY,2065990.0
2014,PITTSYLVANIA,685830.0
2014,POQUOSON CITY,470270.0
2014,PORTSMOUTH CITY,5074250.0
2014,POWHATAN,587180.0
2014,PRINCE EDWARD,844800.0
2014,PRINCE GEORGE,80760.0
2014,PRINCE WILLIAM,7473560.0
2014,PULASKI,2714570.0
2014,RADFORD,910100.0
2014,RAPPAHANNOCK,27100.0
2014,RICHMOND,102100.0
2014,RICHMOND CITY,5182120.0
2014,ROANOKE,4349880.0
2014,ROANOKE CITY,6083280.0
2014,ROCKINGHAM,1453140.0
2014,RUSSELL,2100400.0
2014,SALEM,2728880.0
2014,SCOTT,2439000.0
2014,SHENANDOAH,1358080.0
2014,SMYTH,2337660.0
2014,SOUTHAMPTON,13200.0
2014,SPOTSYLVANIA,3935660.0
2014,STAFFORD,2829410.0
2014,STAUNTON CITY,2302320.0
2014,SUFFOLK CITY,2539770.0
2014,SUSSEX,170050.0
2014,TAZEWELL,5103550.0
2014,VIRGINIA BEACH CITY,10221162.0
2014,WARREN,1728330.0
2014,WASHINGTON,4856900.0
2014,WAYNESBORO CITY,2395360.0
2014,WESTMORELAND,292360.0
2014,WINCHESTER CITY,2004320.0
2014,WISE,5317140.0
2014,WYTHE,1924450.0
2014,YORK,1252810.0
2015,ACCOMACK,802000.0
2015,ALBEMARLE,2400430.0
2015,ALEXANDRIA CITY,1891010.0
2015,ALLEGHANY,612500.0
2015,AMELIA,231320.0
2015,AMHERST,995000.0
2015,APPOMATTOX,1025820.0
2015,ARLINGTON,2084590.0
2015,AUGUSTA,1255860.0
2015,BATH,143030.0
2015,BEDFORD,1468560.0
2015,BLAND,286640.0
2015,BOTETOURT,746390.0
2015,BRISTOL CITY,1686870.0
2015,BRUNSWICK,151200.0
2015,BUCHANAN,1944120.0
2015,BUCKINGHAM,567240.0
2015,BUENA VISTA CITY,262080.0
2015,CAMPBELL,1022080.0
2015,CAROLINE,329520.0
2015,CARROLL,601340.0
2015,CHARLOTTE,322000.0
2015,CHARLOTTESVILLE CITY,1690690.0
2015,CHESAPEAKE CITY,6149280.0
2015,CHESTERFIELD,9826730.0
2015,CLARKE,181540.0
2015,COLONIAL HEIGHTS CITY,1524140.0
2015,COVINGTON CITY,587860.0
2015,CRAIG,201930.0
2015,CULPEPER,1248780.0
2015,CUMBERLAND,110500.0
2015,DANVILLE CITY,3145800.0
2015,DICKENSON,2280620.0
2015,DINWIDDIE,139860.0
2015,EMPORIA CITY,663040.0
2015,ESSEX,476530.0
2015,FAIRFAX,14442280.0
2015,FAIRFAX CITY,595820.0
2015,FALLS CHURCH CITY,444940.0
2015,FAUQUIER,1865840.0
2015,FLOYD,417260.0
2015,FLUVANNA,560060.0
2015,FRANKLIN,2363730.0
2015,FRANKLIN CITY,653870.0
2015,FREDERICK,1851320.0
2015,FREDERICKSBURG CITY,1987650.0
2015,GALAX CITY,1179500.0
2015,GILES,1126340.0
2015,GLOUCESTER,1616610.0
2015,GOOCHLAND,197640.0
2015,GRAYSON,195700.0
2015,GREENE,663840.0
2015,HALIFAX,1213730.0
2015,HAMPTON CITY,4262690.0
2015,HANOVER,4738360.0
2015,HARRISONBURG CITY,3195500.0
2015,HENRICO,10513810.0
2015,HENRY,2437610.0
2015,HOPEWELL CITY,1901750.0
2015,ISLE OF WIGHT,872940.0
2015,JAMES CITY,2403230.0
2015,KING GEORGE,466060.0
2015,KING WILLIAM,499260.0
2015,LANCASTER,778430.0
2015,LEE,2401500.0
2015,LEXINGTON CITY,806520.0
2015,LOUDOUN,5059970.0
2015,LOUISA,713920.0
2015,LUNENBURG,234060.0
2015,LYNCHBURG CITY,4700210.0
2015,MADISON,143600.0
2015,MANASSAS CITY,1488710.0
2015,MARTINSVILLE CITY,3148040.0
2015,MATHEWS,167300.0
2015,MECKLENBURG,1415680.0
2015,MIDDLESEX,233720.0
2015,MONTGOMERY,3119170.0
2015,NELSON,528950.0
2015,NEW KENT,433080.0
2015,NEWPORT NEWS CITY,4743560.0
2015,NORFOLK CITY,5595850.0
2015,NORTHAMPTON,598660.0
2015,NORTHUMBERLAND,202530.0
2015,NORTON CITY,1374040.0
2015,NOTTOWAY,451660.0
2015,ORANGE,1299850.0
2015,PAGE,977980.0
2015,PATRICK,848820.0
2015,PETERSBURG CITY,1940450.0
2015,PITTSYLVANIA,656640.0
2015,POQUOSON CITY,439560.0
2015,PORTSMOUTH CITY,4857610.0
2015,POWHATAN,494860.0
2015,PRINCE EDWARD,780640.0
2015,PRINCE WILLIAM,7137500.0
2015,PULASKI,2637610.0
2015,RADFORD,793980.0
2015,RAPPAHANNOCK,27500.0
2015,RICHMOND,95900.0
2015,RICHMOND CITY,4758350.0
2015,ROANOKE,4384090.0
2015,ROANOKE CITY,5600200.0
2015,ROCKBRIDGE,9100.0
2015,ROCKINGHAM,1328760.0
2015,RUSSELL,1695020.0
2015,SALEM,2518360.0
2015,SCOTT,2389550.0
2015,SHENANDOAH,1195020.0
2015,SMYTH,2190350.0
2015,SOUTHAMPTON,12700.0
2015,SPOTSYLVANIA,3484230.0
2015,STAFFORD,2630260.0
2015,STAUNTON CITY,1960090.0
2015,SUFFOLK CITY,2748650.0
2015,SUSSEX,138280.0
2015,TAZEWELL,4484820.0
2015,VIRGINIA BEACH CITY,9890060.0
2015,WARREN,1621450.0
2015,WASHINGTON,4737630.0
2015,WAYNESBORO CITY,2108200.0
2015,WESTMORELAND,271460.0
2015,WINCHESTER CITY,1872140.0
2015,WISE,4954510.0
2015,WYTHE,1866770.0
2015,YORK,1117260.0
2016,ACCOMACK,816840.0
2016,ALBEMARLE,2097970.0
2016,ALEXANDRIA CITY,1627510.0
2016,ALLEGHANY,603400.0
2016,AMELIA,214620.0
2016,AMHERST,895440.0
2016,APPOMATTOX,878310.0
2016,ARLINGTON,1870420.0
2016,AUGUSTA,1141060.0
2016,BATH,99000.0
2016,BEDFORD,1427890.0
2016,BLAND,274900.0
2016,BOTETOURT,662890.0
2016,BRISTOL CITY,1646580.0
2016,BRUNSWICK,129660.0
2016,BUCHANAN,1914560.0
2016,BUCKINGHAM,503700.0
2016,BUENA VISTA CITY,257080.0
2016,CAMPBELL,966780.0
2016,CAROLINE,360930.0
2016,CARROLL,572340.0
2016,CHARLOTTE,289300.0
2016,CHARLOTTESVILLE CITY,1501900.0
2016,CHESAPEAKE CITY,5829000.0
2016,CHESTERFIELD,9002920.0
2016,CLARKE,189210.0
2016,COLONIAL HEIGHTS CITY,1421040.0
2016,COVINGTON CITY,544500.0
2016,CRAIG,199710.0
2016,CULPEPER,1056330.0
2016,CUMBERLAND,110500.0
2016,DANVILLE CITY,2985280.0
2016,DICKENSON,2191920.0
2016,DINWIDDIE,147700.0
2016,EMPORIA CITY,556700.0
2016,ESSEX,412830.0
2016,FAIRFAX,13230280.0
2016,FAIRFAX CITY,573440.0
2016,FALLS CHURCH CITY,400640.0
2016,FAUQUIER,1775210.0
2016,FLOYD,369320.0
2016,FLUVANNA,492380.0
2016,FRANKLIN,2174540.0
2016,FRANKLIN CITY,679010.0
2016,FREDERICK,1773090.0
2016,FREDERICKSBURG CITY,1822940.0
2016,GALAX CITY,1140060.0
2016,GILES,1077320.0
2016,GLOUCESTER,1380170.0
2016,GOOCHLAND,181610.0
2016,GRAYSON,159800.0
2016,GREENE,589520.0
2016,HALIFAX,1179620.0
2016,HAMPTON CITY,3375430.0
2016,HANOVER,4511480.0
2016,HARRISONBURG CITY,2926290.0
2016,HENRICO,9772430.0
2016,HENRY,2285980.0
2016,HIGHLAND,51100.0
2016,HOPEWELL CITY,1791240.0
2016,ISLE OF WIGHT,905490.0
2016,JAMES CITY,2151440.0
2016,KING GEORGE,493280.0
2016,KING WILLIAM,456760.0
2016,LANCASTER,621440.0
2016,LEE,2398330.0
2016,LEXINGTON CITY,699850.0
2016,LOUDOUN,4846410.0
2016,LOUISA,613030.0
2016,LUNENBURG,222720.0
2016,LYNCHBURG CITY,4279880.0
2016,MADISON,149900.0
2016,MANASSAS CITY,1374750.0
2016,MARTINSVILLE CITY,2879230.0
2016,MATHEWS,141460.0
2016,MECKLENBURG,1271330.0
2016,MIDDLESEX,210060.0
2016,MONTGOMERY,3138590.0
2016,NELSON,466000.0
2016,NEW KENT,416570.0
2016,NEWPORT NEWS CITY,4014740.0
2016,NORFOLK CITY,5349980.0
2016,NORTHAMPTON,616800.0
2016,NORTHUMBERLAND,166500.0
2016,NORTON CITY,1271160.0
2016,NOTTOWAY,430370.0
2016,ORANGE,1169390.0
2016,PAGE,869300.0
2016,PATRICK,778900.0
2016,PETERSBURG CITY,1825460.0
2016,PITTSYLVANIA,587930.0
2016,POQUOSON CITY,373730.0
2016,PORTSMOUTH CITY,4506790.0
2016,POWHATAN,459210.0
2016,PRINCE EDWARD,752160.0
2016,PRINCE GEORGE,400.0
2016,PRINCE WILLIAM,6786180.0
2016,PULASKI,2742300.0
2016,RADFORD,791200.0
2016,RAPPAHANNOCK,27400.0
2016,RICHMOND,100390.0
2016,RICHMOND CITY,4234450.0
2016,ROANOKE,4157390.0
2016,ROANOKE CITY,5409050.0
2016,ROCKBRIDGE,37920.0
2016,ROCKINGHAM,1351990.0
2016,RUSSELL,1779000.0
2016,SALEM,2440920.0
2016,SCOTT,2393700.0
2016,SHENANDOAH,1037670.0
2016,SMYTH,2011690.0
2016,SPOTSYLVANIA,2981120.0
2016,STAFFORD,2495870.0
2016,STAUNTON CITY,1722880.0
2016,SUFFOLK CITY,2798390.0
2016,SUSSEX,123720.0
2016,TAZEWELL,4000600.0
2016,VIRGINIA BEACH CITY,9291610.0
2016,WARREN,1572110.0
2016,WASHINGTON,4339960.0
2016,WAYNESBORO CITY,1903090.0
2016,WESTMORELAND,228380.0
2016,WINCHESTER CITY,1672190.0
2016,WISE,4889790.0
2016,WYTHE,1850500.0
2016,YORK,968820.0
2017,ACCOMACK,679150.0
2017,ALBEMARLE,1792100.0
2017,ALEXANDRIA CITY,1322490.0
2017,ALLEGHANY,516260.0
2017,AMELIA,173630.0
2017,AMHERST,814020.0
2017,APPOMATTOX,667280.0
2017,ARLINGTON,1587540.0
2017,AUGUSTA,941320.0
2017,BATH,72460.0
2017,BEDFORD,1216610.0
2017,BLAND,211100.0
2017,BOTETOURT,471180.0
2017,BRISTOL CITY,1459320.0
2017,BRUNSWICK,95300.0
2017,BUCHANAN,1633080.0
2017,BUCKINGHAM,274920.0
2017,BUENA VISTA CITY,180640.0
2017,CAMPBELL,746820.0
2017,CAROLINE,317050.0
2017,CARROLL,483410.0
2017,CHARLOTTE,222400.0
2017,CHARLOTTESVILLE CITY,1286100.0
2017,CHESAPEAKE CITY,4926080.0
2017,CHESTERFIELD,7429565.0
2017,CLARKE,180800.0
2017,COLONIAL HEIGHTS CITY,1151660.0
2017,COVINGTON CITY,555260.0
2017,CRAIG,179560.0
2017,CULPEPER,865870.0
2017,CUMBERLAND,87900.0
2017,DANVILLE CITY,2625190.0
2017,DICKENSON,1903950.0
2017,DINWIDDIE,100680.0
2017,EMPORIA CITY,441250.0
2017,ESSEX,317090.0
2017,FAIRFAX,11037270.0
2017,FAIRFAX CITY,519110.0
2017,FALLS CHURCH CITY,312050.0
2017,FAUQUIER,1552110.0
2017,FLOYD,263260.0
2017,FLUVANNA,404710.0
2017,FRANKLIN,1863120.0
2017,FRANKLIN CITY,566940.0
2017,FREDERICK,1543010.0
2017,FREDERICKSBURG CITY,1555230.0
2017,GALAX CITY,1018040.0
2017,GILES,926440.0
2017,GLOUCESTER,1135550.0
2017,GOOCHLAND,130970.0
2017,GRAYSON,135960.0
2017,GREENE,506800.0
2017,HALIFAX,994720.0
2017,HAMPTON CITY,2669760.0
2017,HANOVER,3679290.0
2017,HARRISONBURG CITY,2382600.0
2017,HENRICO,8149270.0
2017,HENRY,2054500.0
2017,HIGHLAND,49300.0
2017,HOPEWELL CITY,1666450.0
2017,ISLE OF WIGHT,787700.0
2017,JAMES CITY,1748500.0
2017,KING GEORGE,417980.0
2017,KING WILLIAM,366100.0
2017,LANCASTER,459720.0
2017,LEE,2165940.0
2017,LEXINGTON CITY,614460.0
2017,LOUDOUN,4152370.0
2017,LOUISA,497240.0
2017,LUNENBURG,211680.0
2017,LYNCHBURG CITY,3582120.0
2017,MADISON,138200.0
2017,MANASSAS CITY,1151410.0
2017,MARTINSVILLE CITY,2405110.0
2017,MATHEWS,119510.0
2017,MECKLENBURG,963510.0
2017,MIDDLESEX,160880.0
2017,MONTGOMERY,2816830.0
2017,NELSON,313500.0
2017,NEW KENT,309950.0
2017,NEWPORT NEWS CITY,3244250.0
2017,NORFOLK CITY,4372900.0
2017,NORTHAMPTON,556960.0
2017,NORTHUMBERLAND,130600.0
2017,NORTON CITY,1095030.0
2017,NOTTOWAY,363880.0
2017,ORANGE,964870.0
2017,PAGE,755850.0
2017,PATRICK,621720.0
2017,PETERSBURG CITY,1599050.0
2017,PITTSYLVANIA,480160.0
2017,POQUOSON CITY,303600.0
2017,PORTSMOUTH CITY,3763500.0
2017,POWHATAN,405610.0
2017,PRINCE EDWARD,641140.0
2017,PRINCE GEORGE,200.0
2017,PRINCE WILLIAM,5774790.0
2017,PULASKI,2325400.0
2017,RADFORD,697260.0
2017,RAPPAHANNOCK,31900.0
2017,RICHMOND,82570.0
2017,RICHMOND CITY,3283655.0
2017,ROANOKE,3777810.0
2017,ROANOKE CITY,4744880.0
2017,ROCKBRIDGE,41200.0
2017,ROCKINGHAM,1195880.0
2017,RUSSELL,1630160.0
2017,SALEM,2145140.0
2017,SCOTT,2214510.0
2017,SHENANDOAH,871440.0
2017,SMYTH,1530210.0
2017,SPOTSYLVANIA,2477200.0
2017,STAFFORD,2254840.0
2017,STAUNTON CITY,1390590.0
2017,SUFFOLK CITY,2480950.0
2017,SUSSEX,100700.0
2017,TAZEWELL,3233520.0
2017,VIRGINIA BEACH CITY,7875490.0
2017,WARREN,1413060.0
2017,WASHINGTON,3651170.0
2017,WAYNESBORO CITY,1566300.0
2017,WESTMORELAND,190750.0
2017,WINCHESTER CITY,1303670.0
2017,WISE,4119750.0
2017,WYTHE,1522380.0
2017,YORK,817430.0
2018,ACCOMACK,575760.0
2018,ALBEMARLE,1399100.0
2018,ALEXANDRIA CITY,1109230.0
2018,ALLEGHANY,508500.0
2018,AMELIA,144850.0
2018,AMHERST,734680.0
2018,APPOMATTOX,598320.0
2018,ARLINGTON,1362220.0
2018,AUGUSTA,812240.0
2018,BATH,60860.0
2018,BEDFORD,993280.0
2018,BLAND,187760.0
2018,BOTETOURT,419670.0
2018,BRISTOL CITY,1298800.0
2018,BRUNSWICK,73800.0
2018,BUCHANAN,1482450.0
2018,BUCKINGHAM,186100.0
2018,BUENA VISTA CITY,199230.0
2018,CAMPBELL,659970.0
2018,CAROLINE,313760.0
2018,CARROLL,472220.0
2018,CHARLOTTE,189780.0
2018,CHARLOTTESVILLE CITY,1119340.0
2018,CHESAPEAKE CITY,4200530.0
2018,CHESTERFIELD,5873740.0
2018,CLARKE,160590.0
2018,COLONIAL HEIGHTS CITY,895250.0
2018,COVINGTON CITY,454860.0
2018,CRAIG,149500.0
2018,CULPEPER,707520.0
2018,CUMBERLAND,82200.0
2018,DANVILLE CITY,2073950.0
2018,DICKENSON,1698440.0
2018,DINWIDDIE,59570.0
2018,EMPORIA CITY,353760.0
2018,ESSEX,230100.0
2018,FAIRFAX,8783710.0
2018,FAIRFAX CITY,484360.0
2018,FALLS CHURCH CITY,290420.0
2018,FAUQUIER,1257130.0
2018,FLOYD,228040.0
2018,FLUVANNA,374620.0
2018,FRANKLIN,1588060.0
2018,FRANKLIN CITY,449020.0
2018,FREDERICK,1295420.0
2018,FREDERICKSBURG CITY,1253680.0
2018,GALAX CITY,959860.0
2018,GILES,747480.0
2018,GLOUCESTER,918050.0
2018,GOOCHLAND,117800.0
2018,GRAYSON,116160.0
2018,GREENE,405200.0
2018,HALIFAX,829250.0
2018,HAMPTON CITY,2139170.0
2018,HANOVER,2931610.0
2018,HARRISONBURG CITY,2030500.0
2018,HENRICO,6425930.0
2018,HENRY,1543870.0
2018,HIGHLAND,38600.0
2018,HOPEWELL CITY,1841090.0
2018,ISLE OF WIGHT,666350.0
2018,JAMES CITY,1569790.0
2018,KING GEORGE,353180.0
2018,KING WILLIAM,304810.0
2018,LANCASTER,335000.0
2018,LEE,1880180.0
2018,LEXINGTON CITY,539960.0
2018,LOUDOUN,3483480.0
2018,LOUISA,397960.0
2018,LUNENBURG,171300.0
2018,LYNCHBURG CITY,2956010.0
2018,MADISON,104260.0
2018,MANASSAS CITY,956300.0
2018,MARTINSVILLE CITY,2190430.0
2018,MATHEWS,117640.0
2018,MECKLENBURG,805880.0
2018,MIDDLESEX,138080.0
2018,MONTGOMERY,2502750.0
2018,NELSON,236170.0
2018,NEW KENT,260290.0
2018,NEWPORT NEWS CITY,2598690.0
2018,NORFOLK CITY,3391020.0
2018,NORTHAMPTON,552080.0
2018,NORTHUMBERLAND,96600.0
2018,NORTON CITY,811790.0
2018,NOTTOWAY,282740.0
2018,ORANGE,806800.0
2018,PAGE,618500.0
2018,PATRICK,530240.0
2018,PETERSBURG CITY,1147730.0
2018,PITTSYLVANIA,401900.0
2018,POQUOSON CITY,202520.0
2018,PORTSMOUTH CITY,3042800.0
2018,POWHATAN,340860.0
2018,PRINCE EDWARD,580640.0
2018,PRINCE GEORGE,3400.0
2018,PRINCE WILLIAM,4889420.0
2018,PULASKI,2051680.0
2018,RADFORD,583380.0
2018,RAPPAHANNOCK,23200.0
2018,RICHMOND,60290.0
2018,RICHMOND CITY,2581799.0
2018,ROANOKE,3524310.0
2018,ROANOKE CITY,3832630.0
2018,ROCKBRIDGE,37440.0
2018,ROCKINGHAM,970030.0
2018,RUSSELL,1428640.0
2018,SALEM,1911780.0
2018,SCOTT,1971380.0
2018,SHENANDOAH,744910.0
2018,SMYTH,1272710.0
2018,SPOTSYLVANIA,2172740.0
2018,STAFFORD,1989860.0
2018,STAUNTON CITY,1127070.0
2018,SUFFOLK CITY,2074380.0
2018,SUSSEX,81360.0
2018,TAZEWELL,2726400.0
2018,VIRGINIA BEACH CITY,6535810.0
2018,WARREN,1062580.0
2018,WASHINGTON,3176560.0
2018,WAYNESBORO CITY,1216040.0
2018,WESTMORELAND,172460.0
2018,WINCHESTER CITY,1073770.0
2018,WISE,3506680.0
2018,WYTHE,1338980.0
2018,YORK,735090.0
2019,ACCOMACK,536190.0
2019,ALBEMARLE,1299560.0
2019,ALEXANDRIA CITY,1019040.0
2019,ALLEGHANY,434660.0
2019,AMELIA,135510.0
2019,AMHERST,691040.0
2019,APPOMATTOX,656280.0
2019,ARLINGTON,1220570.0
2019,AUGUSTA,775520.0
2019,BATH,60860.0
2019,BEDFORD,922470.0
2019,BLAND,178580.0
2019,BOTETOURT,412790.0
2019,BRISTOL CITY,1233580.0
2019,BRUNSWICK,58300.0
2019,BUCHANAN,1323240.0
2019,BUCKINGHAM,169000.0
2019,BUENA VISTA CITY,192100.0
2019,CAMPBELL,622260.0
2019,CAROLINE,303140.0
2019,CARROLL,479600.0
2019,CHARLOTTE,194100.0
2019,CHARLOTTESVILLE CITY,1009360.0
2019,CHESAPEAKE CITY,3835060.0
2019,CHESTERFIELD,5413600.0
2019,CLARKE,136870.0
2019,COLONIAL HEIGHTS CITY,819530.0
2019,COVINGTON CITY,510460.0
2019,CRAIG,129660.0
2019,CULPEPER,704420.0
2019,CUMBERLAND,69950.0
2019,DANVILLE CITY,1920380.0
2019,DICKENSON,1682730.0
2019,DINWIDDIE,76930.0
2019,EMPORIA CITY,282660.0
2019,ESSEX,200800.0
2019,FAIRFAX,8001760.0
2019,FAIRFAX CITY,461290.0
2019,FALLS CHURCH CITY,227920.0
2019,FAUQUIER,1167920.0
2019,FLOYD,247380.0
2019,FLUVANNA,336130.0
2019,FRANKLIN,1496670.0
2019,FRANKLIN CITY,393570.0
2019,FREDERICK,1187590.0
2019,FREDERICKSBURG CITY,1049540.0
2019,GALAX CITY,1112140.0
2019,GILES,690080.0
2019,GLOUCESTER,841800.0
2019,GOOCHLAND,93910.0
2019,GRAYSON,119800.0
2019,GREENE,341530.0
2019,HALIFAX,817100.0
2019,HAMPTON CITY,1929430.0
2019,HANOVER,2730860.0
2019,HARRISONBURG CITY,1800810.0
2019,HENRICO,5742390.0
2019,HENRY,1242640.0
2019,HIGHLAND,36700.0
2019,HOPEWELL CITY,1911840.0
2019,ISLE OF WIGHT,597250.0
2019,JAMES CITY,1427800.0
2019,KING GEORGE,348960.0
2019,KING WILLIAM,267900.0
2019,LANCASTER,280930.0
2019,LEE,1846150.0
2019,LEXINGTON CITY,537710.0
2019,LOUDOUN,3220010.0
2019,LOUISA,371760.0
2019,LUNENBURG,158800.0
2019,LYNCHBURG CITY,2780900.0
2019,MADISON,101200.0
2019,MANASSAS CITY,904680.0
2019,MARTINSVILLE CITY,2019040.0
2019,MATHEWS,108820.0
2019,MECKLENBURG,747610.0
2019,MIDDLESEX,127880.0
2019,MONTGOMERY,2427270.0
2019,NELSON,186940.0
2019,NEW KENT,267520.0
2019,NEWPORT NEWS CITY,2307850.0
2019,NORFOLK CITY,2996790.0
2019,NORTHAMPTON,625000.0
2019,NORTHUMBERLAND,89430.0
2019,NORTON CITY,711310.0
2019,NOTTOWAY,271700.0
2019,ORANGE,723160.0
2019,PAGE,548520.0
2019,PATRICK,528470.0
2019,PETERSBURG CITY,903160.0
2019,PITTSYLVANIA,405940.0
2019,POQUOSON CITY,179770.0
2019,PORTSMOUTH CITY,2564600.0
2019,POWHATAN,340880.0
2019,PRINCE EDWARD,472390.0
2019,PRINCE GEORGE,13290.0
2019,PRINCE WILLIAM,4571040.0
2019,PULASKI,2054320.0
2019,RADFORD,548320.0
2019,RICHMOND,59560.0
2019,RICHMOND CITY,2277650.0
2019,ROANOKE,3373840.0
2019,ROANOKE CITY,3387420.0
2019,ROCKBRIDGE,40300.0
2019,ROCKINGHAM,955410.0
2019,RUSSELL,1478740.0
2019,SALEM,1759170.0
2019,SCOTT,1881030.0
2019,SHENANDOAH,692880.0
2019,SMYTH,1246530.0
2019,SPOTSYLVANIA,2225700.0
2019,STAFFORD,1856080.0
2019,STAUNTON CITY,1002330.0
2019,SUFFOLK CITY,1797120.0
2019,SUSSEX,90020.0
2019,TAZEWELL,2581790.0
2019,VIRGINIA BEACH CITY,5809550.0
2019,WARREN,919300.0
2019,WASHINGTON,2891270.0
2019,WAYNESBORO CITY,1048110.0
2019,WESTMORELAND,188010.0
2019,WINCHESTER CITY,871570.0
2019,WISE,3153070.0
2019,WYTHE,1284450.0
2019,YORK,638270.0
